El próximo 26 de octubre, el #AethosTeam tendrá a tres de sus #Triathletes en competencia. Álvaro Gónzalez, Iván Higuera y Stephane Quero serán los encargados de dejar el nombre del #Team en alto.Steph estará estrenándose en un #Ironman 70.3 en Austin, Texas (USA), donde, seguramente, realizará un excelente tiempo como primerizo en la distancia.Por su parte, Álvaro e Iván estarán representando a la Universidad de los Andes en los XXIII Juegos Universitarios Nacionales que se llevarán acabo en la ciudad de Cali (COL). La competencia se llevará acabo en la modalidad de distancia #Sprint. Déjales un mensaje de apoyo a nuestros #Triathletes aquíÚnete al #AethosTeamwww.aethosport.com
El #aethosTeam ya terminó su clase de #PotenciayResistencia de #Cycling del día de hoy.Únete al #AethosTeamwww.aethosport.com
El pasado fin de semana, el #AethosTeam estuvo en su tercer chequeo de la pretemporada 2015. El chequeo fue de 5km de #Running. Acá les compartimos algunas fotos.Únete al #aethosTeam y prepárate para la temporada de competencias del 2015www.aethosport.com
El pasado fin de semana, el #AethosTeam estuvo en su tercer chequeo de la pretemporada 2015. El chequeo fue de 5km de #Running. Acá les compartimos algunas fotos.Únete al #aethosTeam y prepárate para la temporada de competencias del 2015www.aethosport.com
El pasado fin de semana, el #AethosTeam estuvo en su tercer chequeo de la pretemporada 2015. El chequeo fue de 5km de #Running. Acá les compartimos los resultados.Únete al #aethosTeam y prepárate para la temporada de competencias del 2015www.aethosport.com
El pasado 18 de octubre, el #AethosTeam tuvo a dos integrantes en la #TCSAmsterdamMarathon, María Paula Puentes y Carolina Castro fueron las encargadas de dejar el nombre del #Team en alto.María marco un tiempo final de 3h 45' 14''
Como parte de la pretemporada 2015, el #AethosTeam estuvo en un entrenamiento especial en aguas abiertas de #Swmming
Como parte de la pretemporada 2015, el #AethosTeam estuvo en un entrenamiento especial en aguas abiertas de #Swmming
El próximo domingo 18 de octubre, el #AethosTeam tendrá a dos integrantes en la #TCSAmsterdamMarathon.María Paula Puentes y Carolina Castro serán las representantes del #Team en esta importante maratón internacional María, en su segunda maratón, intentará romper el #recordAethos en la distancia de 3h 41' 26'', impuesto por Camila Urdaneta en la #BerlinMarathon del año 2012.Por su parte, Carolina se realizará su primera maratón esperando graduarse en la mítica distancia con un excelente tiempo de 4h 20'.Déjales un mensaje de apoyo a nuestras #Runners aquíÚnete al #aethosTeam y corre en las mejores maratones del mundowww.aethosport.com
El pasado fin de semana, el #AethosTeam estuvo en su segundo chequeo de pretemporada 2015. El chequeo fue de 5km de #Running, donde gran parte del team realizó #PersonalRecordÚnete al #aethosTeam y prepárate para la temporada de competencias del 2015www.aethosport.com
El pasado fin de semana, Claudia Puentes logró cumplir su sueño de convertirse en #Marathoner.La Bank of America Chicago Marathon fue el evento que escogió Claudia para graduarse como #Runner y convertirse en toda una #MarathonResRunner. Fueron 6h 09' 41'' el tiempo que se duró Claudia para vencer la distancia de 42.192 km, donde sus hijas, familiares, amigos y todo el #aethosTeam, le estuvieron mandando la mejor energía durante este tiempo.Hace unos pocos años, ella no creía que pudiera ser una #Runner, ahora es toda una #Marathoner.¡Felicitaciones Claudia!Únete al #AethosTeam y llega donde nunca pensaste que llegaríaswww.aethosport.com
El #aethosTeam terminó su dura sesión de hoy de #PotenciayVelocidad de #Cycling
Como parte de la pretemporada de competencias del 2015, el #AethosTeam está realizando una serie de chequeos continuos de 5km  de #Running por cuatro semanas.A continuación les compartimos algunas imágenes de algunos de los #aethosRunners en acción en su primer chequeo de 5km de esta pretemporada 2015.
El #aethosTeam hoy logró grandes resultados en la Copa Mundo de Triathlon ITU - Cartagena 2014.María Camila Monroy, Juan Sánchez y Nelson Gómez  lograron el tercer puesto en la categoría 25-29 años Damas, 30-34 años Varones y 40-44 años Varones respectivamente. El resto del #Team que compitió hoy también tuvo excelentes resultados, mejoraron sustancialmente sus registros personales para la distancia Olímpica de Triathlon.Acá les compartimos algunas fotos que lograron tomar los acompañantes del Team, Jorge Ballén y Diego Restrepo.
www.unicef10k.com
Este domingo 12 de octubre, el #aethosTeam estará con una #Runner en la Maratón de Chicago.Claudia Puentes, lleva 8 meses preparando su estreno en la mítica distancia de 42.2km, donde a partir de su entrenamiento especializado, diseñado por #AethosTeam, ha pasado de correr carreras cortas 10km a correr la Maratón. Sus entrenamientos han sido únicamente de 2 o 3 veces a la semana, con el fin de que el tiempo libre lo pudiera dedicar a sus dos niñas y a sus proyectos personales.Claudia nunca pensó que podría prepararse para un evento tan exigente, ahora está más que preparada y a pocas horas de lograr su sueño, correr la Maratón de Chicago.Déjale un mensaje de aliento aquí a nuestra #Runner¡Únete al #AethosTeam y cumple tus sueños!
Este sábado 11 de octubre, el #aethosTeam estará representado por siete #triathletes en la Copa Mundial ITU de Cartagena de Indias.El equipo viaja con una nomina de lujo, encabezada por el experimentado Edwin Figueroa.!Déjales un mensaje de apoyo aquí!Únete al #aethosTeam y viaja por colombia compitiendowww.aethosport.com
El #aethosTeam ya terminó su primer chequeo de pretemporada. Únete al #aethosTeam y haz parte de la ciencia del deportewww.aethosport.com
Mañana es el primer chequeo de pre-temporada del #AethosTeam.Cycling Test:Test: 50' de Trainer Objetivo: rpm's de competencia¡Únete al #aethosTeam y madruga a entrenar #Cycling!www.aethosport.com
El #aethosTeam ya terminó su entrenamiento de #swimming del día de hoyÚnete al #aethosTeam y haz parte de los #miércolesDeSwimming
El #aethosTeam ya cuenta con tienda online para sus deportistas.Conócela aquí:http://www.aethosport.com/#!aethos-store/c2299
El #aethosTeam ya termino su sesión de #PotenciayVelocidad de #Cycling del día de hoy. El jueves, el #Team tendrá su primer chequeo #indoor de #Cycling de la pretemporada.Únete al #aethosTeam y disfruta la bici como nuncawww.aethosport.com
Algunas fotos del Team que representó a todo el #aethosTeam en la competencia de #Swimming del #Cesof
Este fin de semana, el #aethosTeam tuvo a tres de sus #Runners en competencia.Camilo Aldana logró su gran objetivo del año, marcó su #PersonalRecord en #WoodrowWilsonBridgeHalfMarathon con 1h 30' 57''. Por otra parte Ana María Árias y Alejandro Ochoa cumplieron su objetivo de terminar los 21km de #CorreVilladeLeyva como un fondo según lo indicaba sus ciclos de entrenamiento.¡Felicitaciones a los #Runners!Únete al #AethosTeam y corre en lugares increíbleswww.aethosport.com
Debido a que el #Ironman70_3Panama fue cancelado, el #AethosTeam cambia sus planes.Luego de los tres meses de pretemporada con los cuales el #AethosTeam finalizará el año 2014, los #AethosTriathletes comenzarán su preparación para el #Ironman70_3SanJuan.¡Únete al #aethosTeam y haz lo que siempre creíste imposible!#VamosAethos, #VamosTriathletes, #VamosReses
Los #aethosRunners y los #aethosTriathletes ya terminaron su domingo de #fondo#vamosAethos #vamosReses
Acá les compartimos el vídeo del  4 x 50m estilo libre del #AethosTeam en la competencia del #Cesof de #Swimming de la semana pasada.¡Disfrútenlo! #Muuu #ResesEnAcción #vamosAethos
Es domingo 5 de octubre, el #aethosTeam tendrá tres de sus #Runners en acción.Camilo Aldana correrá su gran objetivo del año, Woodrow Wilson Bridge Half Marathon, donde buscará obtener su marca del año y su mejor marca personal.Por otro lado, Ana María Arías y Alejandro Ochoa estarán en la linea de salida de la Media Maratón Corre Villa de Leyva. Ana María tomará la partida como parte de su ciclo de fondo para la Maratón de New York el próximo 2 de noviembre
Aethos como les ha ido? Me hacen mucha falta, espero verlos pronto, por ahora tengo que quedarme quieto un mes, nada de nada, pero nos vemos en noviembre, que espero estar ya bien para entonces. Por ahora les dejo un reto, pero con Transmilenio. https://www.youtube.com/watch?v=PH_Z8Ghuq6EUn abrazo!
El #aethosTeam ya terminó su #Cycling #Training de #ResistenciaYPotencia del día de hoy.#VamosReses #VamosAethos
El #aethosTeam tuvo 6 #Runners el domingo pasado en la #CarreraDeLaMujer en Bogotá, y como siempre hubo excelentes noticias.Tres de nuestras #Runners terminaron sus primeros de #10km, por lo cual les entregamos la #Res10k, la cual las acredita como graduadas en dicha distancia. ¡Felicitaciones #Reses!Por otra parte, cuatro de nuestras #Runners realizaron marca personal en la distancia de 10km. También, muchas felicitaciones a ellas. Únete al #aethosTeam y haz parte de la nueva era del deportewww.aethosport.com
¡El #aethosTeam terminó su entrenamiento de #velocidadyPotencia de #cycling el día de hoy!
El #aethosTeam ganó el relevo 4x50m estilo libre en el torneo de #swimming del #cesof
La delegación del #aethosTeam hoy en la competencia de #swimming del #cesof#vamosReses #vamosAethos
#JuanRes listo para ser todo un nadador élite en la competencia de hoy en el #cesof
El #aethosTeam contará con seis de sus #Runners este fin de semana en la Carrera de la Mujer Colombia,tres de ellas estarán haciendo por primera vez la distancia de 10km.#VamosNiñas #VamosReses #VamosAethosDéjales acá un mensaje de apoyo.
Hoy, #viernesDeSwimming¡Únete al #aethosTeam!www.aethosport.com
Miss u guys!!!Aethos Sports Engineering
El #aethosTeam ya terminó su #Training de #PotenciayResistencia de esta madrugada.#CyclingTraining, #VamosAethos, #VamosReses
#CRIcycling - comienzo pretemporada 2015El #aethosTeam, como parte de su pretemporada 2015, está realizando una serie de Chequeos en #Running, #Cycling y #Swmming. En esta oportunidad el #Team estuvo en una contrareloj individual de 16.8km con ocho de sus #Triathletes.¡Únete al #aethosTeam!
El #aethosTeam ya se prepara para su clase de #velocidad de #Running
El #AethosTeam ya terminó su entrenamiento de #IndoorCycling del día de hoy
#aethosTriathletes #HalfIronmanCozumel2014Este fin de semana, nuestros tres #Triathletes que viajaron a #Cozumel lograron terminar su gran reto. El resultado de los tres fue excelente, los tres quedaron muy contentos con su rendimiento y anonadados por el paisaje paradisíaco de #Cozumel.¡Felicitaciones Reses!
#aethosPersonalizadosComo siempre, nuestros #aethosRunners son muy juiciosos mandando sus repostes de entrenamientos cuando tienen planes personalizados.Si los entrenamientos personalizados del #aethosTeam no te cuadran en tus horarios, los planes personalizados son una excelente opción.Escríbenos y conoce más acerca de esta modalidad de entrenamiento:contacto@aethosport.com
El #aethosTeam ya terminó una fuerte sesión de #swimming el día de hoy.#vamosAethos #vamosReses
#SportEngineeringEstas son las frecuencias de brazadas en #Swimming de nuestros #Triathletes. El entrenamiento, no solo ha hecho que ellos mejoren en velocidad, si que también ha logrado que poco a poco logren tener  frecuencias de brazadas mejores.¡Únete al #AethosTeam!
El #aethosTeam ya piensa en el 2015.Después de los excelentes resultados del 2014 para todos sus #Runners y #Triathletes, el #aethosTeam cierra su año y comienza la pretemporada para el año 2015.La pretemporada comenzará desde el mes de octubre de 2014 hasta enero de 2015, donde el #Team se enfocará en mejorar el #VO2max de sus deportistas, mediante ciclos especiales de entrenamiento, chequeos, y algunas pocas competencias.¡Únete al AethosTeam!www.aethosport.com
Este domingo, tres #aethosTriathletes estarán en la partida del Ironman 70.3 de Cozumel, Mexico. Déjales un mensaje de aliento a nuestros tres guerreros.#vamosAethos, #vamosReses
Mañana, #JuevesDeCyclingIndoorEntrenamiento de Cycling especializado de 5:00 am a 6:00.Más información en: http://www.aethosport.com/#!aethos-team/c93y
Hoy, #MartesDeSpeedRunningEntrenamiento de Running especializado de 6:00 pm a 8:00 pm en el Parque el Virrey.Más información en: http://www.aethosport.com/#!aethos-team/c93y
Ayer, los #aethosCoaches Andrés Ramírez y Natalia Castro, hicieron una excelente actuación en la Media Maratón Vuelta al Sisga, carrera organizada por el Colegio Rèfous.¡Felicitaciones #Coaches!
Ayer en los 5k Uniandes Corre y Dile - kilómetros para educar , Camila Urdaneta quedó en el primer puesto de la rama femenina.¡Felicitaciones Camila!
¡Nuevo record Aethos de Media Maratón!Felicitaciones a Camila Mora por su nuevo record personal y nuevo record Aethos de 21.1km de #Running: 1h 37' 41'' (4' 38''/km).Conoce todos los Records Aethos aquí: http://www.aethosport.com/#!aethos-records/caqc
Resultados del #aethosTeam en la #MaratónDeLasFlores 2014Únete al Aethos Team (www.aethosport.com)
Con más de 15 #Runners, el #aethosTeam estuvo en la Maratón de las Flores 2014 participando en las ditancias de 5km, 21km y 42km
Ya encargué el mío, además funciona en el agua y en la bicicleta.http://vimeo.com/98084869
me pueden colaborar con esto porfa http://www.encuestas.soluavante.com/lenguajes/index.php/survey/index/sid/462397/newtest/Y/lang/es
El #aethosTeam hoy estuvo estrenando gorros en su #miércolesDeSwimming
Este 14 de septiembre, el #aethosTeam estará en acción con varios de sus #Runners.#VamosAethos, #VamosResesÚnete al #AethosTeam y cumple tus sueños deportivoswww.aethosport.com
Estos son los #Marathoners del #aethosTeam para el segundo semestre de 2014.#VamosAethos, #VamosResesÚnete al #AethosTeam y cumple tus sueños deportivoswww.aethosport.com
Desde el mes de octubre, parte del #aethosTeam comenzará su preparación para el Ironman 70.3 de Panamá 2015.#VamosAethos, #VamosResesÚnete al #AethosTeam y cumple tus sueños deportivoswww.aethosport.com
El #aethosTeam ya comenzó su #domingoDeBici#vamosAethos
Este sábado 6 de septiembre, dos de nuestros #aethosRunners estarán en el #SunsetRace2014 en Ubaté, Cundinamarca.Fransy Alfonso estará participando en la distancia de 12 km, mientras que Alexander López lo estará haciendo en la distancia de 24 km.¡Mucha suerte para ellos!
Hoy, #juevesDeTempoRun.El #aethosTeam continúa sus entrenamientos con miras a terminar la temporada de carreras del 2014.#MaratónDeLasFlores, #MediaMaratónDeLasFlores, #ChicagoMarathon y #CopaMundoITU¡Únete al Aethos Team, y haz parte de la nueva era del deporte!www.aethosport.com
¿Quieres entrenar con el #aethosTeam?Conoce aquí nuestros horarios de las clases grupales, http://www.aethosport.com/#!horarios/c1l4h
¿Quieres conocer los planes de de entrenamiento que tiene el #aethosTeam?Entra aquí y conócelos http://www.aethosport.com/#!aethos-team/c93y
El #aethosTeam estuvo en un entrenamiento especial #Running. Los #aethosRunners salieron su día de fondo a la re´presa del Sisga, donde  los #runners hicieron 10k, 18km, 23km y 35km según su plan de entrenamiento.Muchas felicitaciones a todos, excelente entrenamiento
Conoce algunos de los métodos modernos de entrenamiento que implementa el #aethosTeam en sus deportistas.El #aethosTeam, en sus planes de entrenamiento, utiliza el 50% menos de kilómetros por semana que los métodos tradicionales de entrenamiento, obteniendo resultados increíbles al implementar sus herramientas de ingeniería deportiva en sus ciclos de entrenamiento.Conoce más en: www.aethosport.com
ENCANTADORAS CHAQUETAS ROMPEVIENTOS PARA MUJER TALLA ÚNICA FABRICADAS EN POLYESTER !!!- LLEVA TU CHAQUETA + BUFF POR $ 88.000 ( COLORES FLUORESCENTES BLANCA,VERDE,ROSADA Y AMARILLA ) PREGUNTA POR DISPONIBILIDAD DE COLORES Y DISEÑO DE BUFF !!! WHATSAPP 320 2163062
Ayer, el #aethosTeam estuvo despidiendo a tres de sus #triatletas. Las tres se van a Europa a continuar sus estudios de posgrado, Inglaterra, Holanda e Italia son sus destinos.¡Mucha suerte en esta nueva etapa de la vida niñas!
El pasado 10 de agosto, el #aethosTeam obtuvo tres medallas en el Campeonato Nacional de Triathlon por Categorías sin Drafting.María Paula Puentes y Camila Mora se proclamaron campeonas nacionales de la categoría B (damas de 20 a 24 años) y D respectivamente (damas de 25 a 29 años), además Carolina Castro logró llevarse el tercer puesto de la categoría D (damas de 25 a 29 años).¡Felicitaciones niñas!Próximamente tendremos los resultados de todos los #aethosTriathletes
En las próximas tres semanas, el #AethosSportsEngineering estará realizando la #ValoraciónTécnica de #swimming a los deportistas del #aethosTeam.Cada deportista es valorado técnicamente en una escala de 100pts a partir de índices medidos, tales como frecuencia de la brazada, avance por brazada, cantidad de brazadas, ángulo del cuerpo, entre otros. Esto con el fin de poder optimizar su rendimiento mediante el entrenamiento.¡Únete al #aethosTeam y haz parte de la nueva era del entrenamiento deportivo!www.aethosport.com
El #aethosTeam, estuvo en un entrenamiento especial de Triathlon, donde se realizó un trabajo de 30' de #swimming, 20km de Cycling y 5km de Running.
Hoy, el #aethosTeam estuvo en clase intensiva de salidas en nuestro #sábadoDeSwimming
El #aethosTeam hoy regresó a su #miercolesDeTécnica en #swimming. Este mes van a trabajar en el fortalecimiento de la patada.
El próximo 17 y 18 de agosto, nuestro #aethosRunner, Vladimir Páez, estará compitiendo en el #UltraTrail #ParqueDeLosNevados en la distancia de 93km.Esta dura prueba pasará por uno de los cinco domos de lava del complejo del Nevado del Ruiz tocando nieve perpetua.¡Déjale un mensaje de apoyo a nuestro #aethosRunner!
Hola a todos! quiero preguntarles quien tiene una cicla que me preste para la competencia del domingo, es que ya tenia una cicla pero a lo ultimo salio un problemilla y quisiera saber si alguien pudiera prestarme una que no vaya a participar?? porfa! es con urgencia . Gracias! :(
Hoy, los #aethosEngineers en pruebas de #Potencia de #Cycling
El #aethosTeam ya comenzó su #domingoDeBici
El próximo 10 de agosto, el #aethosTeam estará compitiendo en el Campeonato Nacional de Triathlon por categorías sin Drafting, en el marco del #FestivalDeVerano 2014 en Bogotá.Con 18 #Triathletes, en 6 categorías diferentes, el #aethosTeam espera lograr su mejor actuación nacional.Si quieres practicar Triathlon, conócenos aquí:http://www.aethosport.com/#!aethos-team/c93y
Con 18 #Triathletes, el #aethosTeam está terminando el ciclo de preparación para el #CampeonatoNacionalDeTriathlonPorCategoríasSinDrafting.#VamosAethos
El #aethosTeam también estuvo presente en los 10km de la Media Maratón De Bogotá. Con 4 #aethosRunners, el #aethosTeam registró un tiempo promedio para de 1h 00' 04'', con dos nuevos records personales.¡Únete al Aethos Team, y haz parte de la nueva era del deporte!
Algunos de nuestros #aethosRunners fueron noticia en los principales medios que cubrieron la Media Maratón De Bogotá 2014.Fuente: Revista Cromos  http://www.cromos.com.co/kenia-arrasa-en-la-media-maraton-de-bogota-15003
Con 35 participantes en la Media Maratón De Bogotá en la categoría de 21.1km, el #aethosTeam registró tiempos increíbles en la linea de meta, logrando un tiempo promedio para el equipo de 1h 52' 15'', además de registrar 30 nuevos records personales para la distancia.¡Únete al Aethos Team, y haz parte de la nueva era del deporte!
En la Media Maratón De Bogotá 2014, algunos de nuestros #aethosRunners corrieron con pinta Hawaiana. Si los viste en el camino y te pareció una buena y divertida iniciativa, dale like a los siguientes enlaces:https://www.facebook.com/photo.php?fbid=10152233853738321&set=o.714680188563136&type=3&theaterhttps://m.facebook.com/photo.php?fbid=10154388218655366&id=525810365&set=o.714680188563136&ref=m_notif&notif_t=like&actorid=100007681783441https://www.facebook.com/photo.php?fbid=10154432745005319&set=o.714680188563136&type=3&theater
Así vivió el #aethosTeam la #MMB2014.
El #aethosTeam hoy amorzando pasta en #pastisani para tener los carbohidrátos listos para la #MMB2014
Hoy, #juevesDeRecoveryRunParaLaMMB2014Hoy el #aethosTeam realizará el trabajo de descarga muscular para la Media Maratón De Bogotá con un trabajo de #RecoveryRun.Hora: 6:00 pm a 8:00 pm#VamosAethos
El #aethosTeam ya empezó la puesta a punto.para la #MMB2014
El #aethosTeam continua en la participación activa del estudio sobre el #barefoot de La Universidad de los Andes y #AethosSportEngineering
El #aethosTeam hoy está haciendo su #FondoRun con los Productos Go! ING después de 70km de #Cycling
Queridos Aethos lo más seguro es que no pueda hacer a media de Bogotá. Eso lo define Andrés Ramírez, este  jueves. Dado esto, si no debo correrla, me gustaría que uno de ustedes tuviera mi cupo. Entonces el jueves en el entrenamiento, haré una rifa entre los que quieran mi inscripción. Un abrazo y con toda XOXOXO
El #aethosTeam ya comenzó su #domingoDeCycling
Hoy, David Rodríguez estuvo en el #AethosLab en una #ValoraciónTécnica y en un #análisisDePisada. Además de revisar su longitud de zancada, su tiempo de vuelo, su tiempo de contacto y su cadencia media, se seleccionaron sus zapatos de competencia para este semestre. El estudio mostró que los zapatos de competencia, que debería utilizar David, son:#Adidas #AdizeroAdiosBoost_2#Asics #Gel_Hyperspeed_6#Mizuno #Wave_Ekiden
El #aethosTeam ya comenzó su #juevesDeTempoRun
Conoce los resultados de un estudio realizado por #AethosSportsEngineering sobre el efecto de la altitud en el rendimiento de deportistas para una prueba de 5km de #Running.El estudio se realizó en dos sitios a diferentes altitudes (2590 msnm y 260 msnm) para un grupo fijo de deportistas recreativos, con condiciones controladas de entrenamiento. Se encontró que al disminuir la altitud en 2330m, la mejora final en rendimiento para una prueba de 5km de #Running está entre el 3.3% y el 6.3% para deportistas recreativos.
Resultados de chequeo 5km #Running del #aethosTeam.Excelentes resultados. ¡Felicitaciones a todos los #aethosRunners!
Ya comenzamos nestro #miercolesDeTécnicaDeSwimming. #vamosAethos
Hoy, #miércolesDeTécnicaDeSwimmingEntrenamiento especializado de Swimming de 6:30 pm a 7:30 pm.Más información en: http://www.aethosport.com/#!aethos-team/c93y
Hoy, #MartesDeSpeedRunningEntrenamiento de Running especializado de 6:00 pm a 8:00 pm en el Parque el Virrey.Más información en: http://www.aethosport.com/#!aethos-team/c93y
#AethosSportsEnginering quedó seleccionado en el primer filtro del #ConcursoNacionalDeEmprendedores2014 de VENTURES COLOMBIA en la categoría de proyecto de competencia nacional en la rama de grandes negocios.Ahora, el grupo de trabajo se someterá a una etapa de entrenamiento con el fin de continuar el proceso, y ojalá llegar a la fase final del concurso.
El #aethosTeam terminó la semana más dura del segundo ciclo de fondo del año. Fue una semana muy fuerte de trabajos específicos muy exigentes de #velocidad, #tempo, #fondo y #chequeos Los #aethosCoaches están muy orgullosos por la actitud de todos mostrada en esta semana.#vamosAethos
El #aethosTeam ya está listo para el chequeo y el fondo de #running del día de hoy
Hoy el #aethosTeam terminó su clase de #velocidadDeSwimming con mucha energía.#VamosAethos
Ya comenzamos nuestro #sabadoDeVelocidadEnElAgua
Terminamos nuestro #viernesDeFondoSwimming. ¡Felicitaciones por ese gran fondo #aethosTriathletes!
Hoy, #viernesDeFondoSwimmingContinuamos con nuestra preparación para el #CameonatoNacionalDeTriathlonSinDrafting (10 de agosto de 2014).#VamosAethos
Ya comenzamos nuestro #juevesDeTempoRun
Hoy, #JuevesDeTempoRunLos esperamis a todos a continuar nuestra preparación para la Media Maratón De Bogotá y para el #CampeonatoNacionalDeTriathlonSinDrafting
El pasado 6 de julio, el #aethosTeam realizó una Contrarreloj individual de #Cycling como chequeo de comienzo de ciclo de entrenamiento. Esto con miras a la preparación para el #CampeonatoNacional de #TriathlonSinDraftingCRI AethosDistancia: 16.85 kmVelocidad promedio AethosTeam: 36.54 km/h¡Felicitaciones a todos los #aethosTriathletes!
Acá está nuestra #aethosTriathlete, Camila Mora, rumbo a su primer record Aethos.Distancia: 5km RunningTiempo: 20' 57''Fecha: 30 de junio de 2014¡Felicitaciones Camila!
Usa los zapatos adecuados y evita lesionesRealiza el análisis de pisada de Aethos Sports Engineering y obtén una amplia lista de zapatos que debes usar en tus competencias y entrenamientosMás información: http://www.aethosport.com/#!analisis-pisada/citj
El pasado 30 de junio, Camila Mora y Juan David Camargo, dos de nuestros #aethosTriathletes, realizaron un nuevo #recordAethos para la distancia de 5km de #Running.Camila Mora recorrió la distancia en 20' 57'' (pace: 4' 11''/km) bajando el antiguo #recordAethos en más de 1' que poseía Juanita Fierro desde el año 2012.Por otro lado, Juan David Camargo recorrió la distancia en 17' 46'' (pace: 3' 33''/km) bajando el antiguo #recordAethos en casi 40'' que él mismo poseía desde el mes de diciembre de 2013. ¡Felicitaciones monstruos!#VamosAethos
Resultados de chequeo 5km #Running #TrainingCamp VillavicencioExcelentes resultados. ¡Felicitaciones a todos los #aethosTriathletes!
Con más de 5000m de Swimming, 16km de Running y 90km de Cycling, el #AethosTeam vivió tres días del primer campamento de entrenamiento especializado de #Triathlon
Con más de 5000m de Swimming, 16km de Running y 90km de Cycling, el #AethosTeam vivió tres días del primer campamento de entrenamiento especializado de #Triathlon
I Aethos Training CampEl aethos Team está listo para realizar el primer campamento especializado de entrenamiento para #Triathlon. El campamento contará con:- 2 clases de #Swimming- 2 clases de #Running- 2 clases de #Cycling, con una de transición incluida- 1 prueba de #SportEngineering - 1 chequeo de #Running- 1 chequeo de #Swimming- 1 clase de #Stretching- 3 espacios para recuperación muscularHaz parte del aethos Team para disfrutar de estos excelentes entrenamientos.Conoce más sobre el aethos Team y Aethos Sports Engineering aquí:www.aethosport.com
Swimming Viernes
#SwimmingEngineeringRecorrido del codo derecho del plusmarquista mundial de 1500m #FreeStyle, Sun Yang, en los juegos Olímpicos de Londres 2012.
Hola me  gustaria  tener informacion sobre los planes de trabjo en triathlon
El pasado 8 de junio, el #aethosTeam participó en la carrera #Allianz15k.Con 29 #Runners, el #aethosTeam atacó los 15 km de la competencia obteniendo excelentes resultados individuales como grupales. El #Team tuvo un tiempo promedio de 1h 22' 25'' para dicha distancia. ¡Felicitaciones a todos los #aethosRunners!Únete al Aethos Team
#AethosSportsEngineering, en conjunto con la Universidad de los Andes, hace parte activa de un estudio sobre #Barefoot en corredores recreativos.Hoy se probaron los #adidas #SupernovaGlide4 vs #Barefoot, en un deportista en particular (nuestro #aethosCoach).
El #aethosTeam comenzando entrenamiento de #Swimming en la represa de Tominé
Resultados Chequeo I Ciclo de descarga 2014El #aethosTeam realizó un chequeo de 20' de #Cycling y 5km de #Running con el fin de terminar el primer ciclo de descarga del año.Los resultados fueron excelentes, casi todos los deportistas que asistieron lograron mejorar su marca de 5km de #Running.¡Felicitaciones a todos!
#aethosTeam ya comenzó si chequeo de #Cycling + #Running de este ciclo de descarga
¿Quieres conocer los mejores tiempos de los integrantes del #aethosTeam?Míralos aquí: http://www.aethosport.com/#!aethos-records/caqc
#aethosTeam terminando mes de descarga de técnica de #swimming.#vamosAethos
Este fin de semana, el #aethosTeam tendrá representantes en diferentes competencias en el país.Ana María Ossa va a participar en la Media Maratón de Cali. Esta carrera será muy especial porque será su primera Media Maratón y porque Ana es caleña.Edwin Figueroa y Stephane Quero estarán en el Gran Fondo de Cannondale en la distancia de 180 km. Este recorrido tendrá 7 puertos de montaña (4 de 4° categoría, 1 de 3° categoría, 1 de 2° categoría y 1 de 1° categoría) en un recorrido por los alrededores de Bogotá.Por último, Mauricio Cajamarca y Gabriel Andrade estarán el la Ultramaratón de 108 km del Chicamocha Run 2014. Esta competencia es considerada una de las más duras de latinoamérica para recorridos de UltraTrail.Les deseamos lo mejor a todos nuestros deportistas y esperamos que lleguen con una sonrisa a la meta.¡Déjales un mensaje de aliento a nuestros deportistas con un Comment o un Like! Si quieres enterarte de todos las competencias y resultados del #AethosTeam, síguenos en facebook.com/AethoSport
Saucony Fastwitch 6 Saucony Fastwitc 6  es un zapato de competencia muy liviano para corredores pronadores. Son zapatillas netamente de competencia o de entrenamiento muy fuerte para ritmos cercanos a los 3' 30''/km, o inferiores.Presentan un gran soporte en el arco con un drop (diferencia entre talón y punta) de 4mm, esto hace que corredores de mediopié con pronacion leve, media  o moderada puedan usarlas. #RunningEngineering #Shoes #aethosSportsEngineeringConoce nuestro análisis de pisada para seleccionar el zapato correcto para ti en:http://www.aethosport.com/#!analisis-pisada/citj
Los valientes de este domingo.  #CyclingTraining bajo la lluvia.#vamosAethos
El #AethosTeam está en su cumpleaños número 3.Gracias a todos los deportistas que han pasado por el #Team, todo lo que hemos conseguido ha sido gracias a ustedes y su dedicación.¡Feliz cumpleaños Aethos Team!
Esta mañana, en las instalaciones de #AethosSportsEngineering:Juan Camilo Mejía, #Triathlete en preparación para el #Ironman70.3 de Cozumel, se realizó una Valoración Técnica de #Running. Conoció sus parámetros biomecánicos y sus errores técnicos, donde estos valores ayudarán al diseño óptimo de su entrenamiento específico para Cozumel.Conoce más sobre Aethos Sports Engineering aquí:www.aethosport.com
Vibram EE.UU. debe pagar millones a clientes que han comprado zapatos"FiveFingers"Mira la noticia completa aquí: http://theweek.com/article/index/261292/speedreads-virbam-usa-must-pay-millions-to-customers-who-purchased-fivefingers-shoes
Hoy a las 11:50 am hora de Colombia, el Team Colombia abre la CRE en la primera etapa del Giro d' Italia 2014. Pueden verlo on-line en este link:#vamosEscarabajos
Asics - Gel Kayano 20Una de las mejores zapatillas de la marca Asics, la cual ya está cumpliendo 20 años con este modelo en el mercado. Las Asics Gel Kayano 20, sigue una línea similar a sus modelos anteriores, donde los usuarios de las mismas deben ser corredores con pronación normal o hiper pronación. Son zapatillas netamente de entrenamiento para ritmos no inferiores a 4' 30''/km.Presentan una gran amortiguación en el talón, y su drop (diferencia entre talón y punta) de 9mm hace que corredores de  retropié y medio pié puedan usarlas.  Para las mujeres, Ascis ha desarrollado unas Kayano 20 un poco diferentes a las de los hombres. Debido a que las mujeres tienen a caminar en tacones, ellas deberían utilizar zapatillas con un mayor drop, por tal motivo, el drop de las Kayano 20 para mujeres es de 12mm.Esta zapatilla tiene como rivales directos a las #Adistar #Boost, #Brooks #Transcend y #Mizuno #Paradox.#RunningEngineering #Shoes #aethosSportsEngineeringConoce nuestro análisis de pisada para seleccionar el zapato correcto para ti en:http://www.aethosport.com/#!analisis-pisada/citj
El pasado fin de semana, el #aethosTeam estuvo presente con dos de sus #aethosRunners en la 2da Maratón Andina ciudad de Sopó.María Paula Puentes participó en la competencia de 42.2km, donde, además de convertirse en una #marathoner, ocupó el primer puesto de la categoría femenina de 18 a 29 años
Conoce a nuestro #aethosTeam aquí:http://www.aethosport.com/#!aethos-team/c93y¡Haz parte de la nueva era del deporte!
El pasado 25, 26 y 27 de abril, el #aethosTeam participó del Circuito Nacional de Triathlon en la Isla de San Andrés. Las distancias de la competencia fueron:Distancia Sprint: 750m Swimming + 20km Cycling + 5km RunningDistancia Olímpica: 1500m Swimming +40km Cycling + 10km Running
¿Conoces nuestro estudio de análisis de pisada?#aethos cuenta con un grupo de ingenieros capacitados que te ayudarán a seleccionar los zapatos que necesitas para mejorar tu rendimiento.Conoce nuestro estudio aquí:http://www.aethosport.com/#!analisis-pisada/citj
Este fin de semana el #aethosTeam participó en múltiples competencias en el país, donde obtuvo excelentes resultados.Las competencias fueron las siguientes:Circuito nacional de Triathlon distancia Sprint y OlímpicaCarrera de los Héroes 10kmMerrell Trail Tour distancia 42kmMira los resultados del #aethosTeam en nuestro album de Competencias Aethos Teamhttps://www.facebook.com/media/set/?set=a.693678324033168.1073741847.395899880477682&type=1
Competencias donde el #aethosTeam ha participado
Competencias donde el #aethosTeam ha participado
El #aethosTeam está lleno de personas como túMauricio Cajamarca, ingeniero de sistemas de la Fundación universitaria Los Libertadores. Actualmente, tiene 28 años de edad, es analista de informática de Mapfre Seguros, corredor de #Trail y amante de las #ultramaratones. Es #aethosRunner desde hace 4 meses. Su entrenamiento se ha concentrado en preparar la #utraMaratón del #Chicamocha, más de 108km entre las montañas de este hermoso cañón. En este proceso, Mauricio ha sufrido un cambio de técnica en el #Running con el fin de ser más eficiente mecánicamente, donde su zancada, su postura corporal y el movimiento de los brazos han sido totalmente modificados. De esta forma, se espera que Mauricio logre cruzar la meta y cumpla con un gran sueño personal.No solo lo métodos de entrenamiento del #aethosTeam han sido importantes en este proceso, también lo han sido sus compañeros de equipo. Para él, ellos han sido un gran apoyo para asumir este reto y una gran ayuda de motivación para lograr terminarlo. En muchas ocasiones, si sus compañeros no entrenan con él, lo alientan y lo animan de igual forma, haciendo que él piense que por más imposible que parezca la meta, con esfuerzo y dedicación se puede conseguir llegar allá. ¡Mucha suerte Mauricio!#vamosMauricio, #vamosAethos
Este 25, 26 y 27 de abril el #aethosTeam estará en el Festival de #Triathlon de San Andrés.El #aethosTeam contará con 15 de sus deportistas en esta competencia, donde 11 de ellos realizarán la distancia olímpica (1500m Swimming + 40km Cycling + 10km Running) por primera vez . Esperamos que tanto los #aethosSeniors como los #aethosToddlers disfruten del paisaje, el mar y de la competencia.Déjales un mensaje de apoyo a nuestros #aethosTriathletes aquí
Nike Flyknit Lunar 2 +Zapato muy liviano, de la nueva era Nike Running, para entrenamientos largos y medios. Están diseñados para corredores con pisada neutra y técnica de pisada de retropié o mediopié. No son zapatos de competencia, pero su bajo peso hace que se pueda andar a buenos ritmo de entrenamiento.Si quieres competir con ellos, tu ritmo de competencia no debe ser mejor a 4'30''/km, de lo contrario te recomendamos buscar unos zapatos mixtos o de competencia.www.aethosport.comAethos Sports Engineering
Aethos Sports Engineering midió algunas características técnicas de tres de los mejores fondistas actuales.A partir de los resultados obtenidos hace unas semanas en la #Marathon de #Pairis y de #Londres, cayeron muchas críticas sobre Mo Farah y su rendimiento regular. Muchos sitios en la web y periódicos especializados, dijeron que Mo Farah nunca será Kenenisa Bekele. Con esto, Aethos Sports Engineering tomó algunos vídeos del #GreatNorthRun 2013, donde tres de los mejores fondistas del mundo se encontraron. Se realizaron mediciones indirectas a 21.7km/h, donde estos fueron los resultados.Se nota cómo Kenesisa Bekele sigue siendo un poco superior a Haile Gebrselassie técnicamente, pero a su vez Mo Farah es superior a ambos con un índice técnico ASE de 105pts. Así que puede ser un poco precipitado decir que Farah no es como Bekele, puede que en unos años el corredor Britanico sorprenda con un excelente tiempo en la prueba del Marathon.Si te quieres realizar tu valoración técnica para obtener tus parámetros e índice ASE, entra a www.aethosport.com y reserva tu citaEl índice técnico ASE es un índice netamente técnico, es decir que no tiene componentes físiológicos ni de rendimiento. Es un índice que mide la eficiencia técnica.
Historia del #aethosTeamEn mayo del 2012, la Universidad de los Andes realizó un reportaje al equipo de Atletismo de la misma universidad. En dicho reportaje los fundadores de #AethosSportsEnginerring y del #AethosTeam fueron parte principal de la historia.Si nunca has visto el vídeo, acá te lo dejamos.http://www.uniandes.edu.co/noticias/informacion-general/la-otra-carrera
Running EngineeringPuede que tus zapatos no sean apropiados para tu tipo, técnica de pisada, tu peso y tu ritmo de competencia. Escríbenos contándonos cuáles son tus zapatos y nuestros ingenieros te darán las características detalladas de tus zapatos. Manejamos marcas como #Adidas, #Brooks, #Asics, #Zoot, #KSwiss, #Saucony, #Mizuno, #UnderArmour, #Scott, #Puma, #Nike, #NewBalance, entre muchas otraswww.aethosport.com
Running Engineering¿Sabes cuál es tu técnica de pisada?Sabías que según tu técnica de pisada, deberías utilizar un zapato adecuado para potenciar  tu rendimiento y prevenir lesiones.  Realízate un análisis de pisada para seleccionar muy bien tu zapato para #Running o para #Triathlon.   Te lo recomienda Aethos Sports Engineeringwww.aethosport.com
El #aethosTeam está lleno de personas como túCarolina Castro - TriathleteArquitecta de 25 años de la Universidad de los Andes. Actualmente, trabaja en Arias Serna Saravia aplicando sus estudios. Tiene planes de hacer una Maestría de Visual Mechandising en Milán (ITA). Lleva casi un año con el #aethosTeam, donde conoció un deporte que ahora le encanta, el Triathlon. En la parte deportiva, ha mostrado una gran proyección, logrando codearse con las mejores deportistas del #aethosTeam en este corto tiempo. Con sus excelentes resultados se siente muy satisfecha, pero esto no termina ahí, quiere mejorar mucho más y correr su primera de muchas #Maratones y #Triathlones.El #aethosTeam se ha convertido en parte de su vida, sus compañeros son sus amigos y su apoyo diario, siente que el espacio con el #Team es un espacio libre de preocupaciones y de fortalecimiento espiritual. Admira enormemente a todos los deportistas del #aethosTeam, ya que son los que le ayudan a mejorar y a reír cada día. Ahora, a dos semanas de su debut en el #TriathlonOlímpico, está muy ansiosa y feliz por cumplir un sueño que no sabía que tenía un año atrás
Running Shoes EngineeringAdidas Energy Boost 2Zapato para #Running de última tecnología de #Adidas. Estas son las características de Aethos Sports Engineering de los Adidas Energy Boost 2Escríbenos y pregunta por las características de los zapatos que estás utilizando hoy para #Running o #Triathlon
Running Engineering¿Sabes cuál es tu tipo de pisada?Sabías que según tu tipo de pisada deberías utilizar un zapato especial. Las marcas más reconocidas en el mundo del Running fabrican zapatos para Supinadores, Neutros, Pronadores ó Hiperpronadores. ¡Compra siempre un zapato especial para tu tipo de pisada!Te lo recomienda Aethos Sports Engineering
Running Engineering¿Sabes cuál es tu tipo de pisada?Sabías que según tu tipo de pisada deberías utilizar un zapato especial. Las marcas más reconocidas en el mundo del Running fabrican zapatos para Supinadores, Neutros, Pronadores ó Hiperpronadores. ¡Compra siempre un zapato especial para tu tipo de pisada!Te lo recomienda Aethos Sports Engineering
#aethosNewsEl pasado 13 de abril, parte del #aethosTeam hizo parte de la carrera Presta tu pierna 11k. El resultado del #aethosTeam fue excelente: Tiempo promedio: 55' 42''Paso promedio: 5' 04''/kmEl deporte hecho ingeniería es un éxito
Historia del #aethosTeamEn un mes, el #aethosTeam está cumpliendo tres años desde su formación. Durante este mes, les estaremos mostrando la historia del #aethosTeam y de #AethosSportsEngineering.
Aethos Team - Triathlon El Aethos Team es un equipo recreativo que entrena bajo métodos modernos de entrenamiento con herramientas de ingeniería.Únete a la Aethos Community y haz parte de la nueva era del deportewww.aethosport.com
Análisis de pisada.Realiza un estudio de pisada con #Aethos, donde, no sólo podrás conocer cuál es tu técnica y tipo de pisada, sino que obtendrás una lista de zapatos recomendados para ti.Tú lista de zapatos recomendados puede contener zapatos Adidas, Asics, Brooks, Saucony, Joma, K-Swiss, Scott, Mizuno, New Balance, Newton, Nike, Under Armour, Zoot, entre otros Reserva tu cita en www.aethosport.com
Análisis de pisada.Realiza un estudio de pisada con #Aethos, donde, no sólo podrás conocer cuál es tu técnica y tipo de pisada, sino que obtendrás una lista de zapatos recomendados para ti.Tú lista de zapatos recomendados puede contener zapatos Adidas, Asics, Brooks, Saucony, Joma, K-Swiss, Scott, Mizuno, New Balance, Newton, Nike, Under Armour, Zoot, entre otros Reserva tu cita en www.aethosport.com
Este fin de semana el #aethosTeam realizará su III Chequeo de #Triathlon con miras a la temporada 2014.El chequeo consta de una #Triathlon #Sprint por equipos de 3 integrantes. Cada integrante deberá realizar toda la #Triathlon.Para este chequeo, el #aethosTeam va a contar con 33 #aethosTriathletes principiantes, intermedios o avanzados, donde 11 equipos competirán para llevarse la victoria.¡Mucha suerte a todos los #aethosTriathletes!
El #aethosTeam está lleno de personas como tú. Juan David Camargo.http://www.aethosport.com/#!juan-david-camargo/cva8 Comunicador - Publicista de la Pontificia Universidad Javeriana. Actualmente, se encuentra trabajando como Supervisor General del Colegio Claustro Moderno, y reparte su día entre sus compromisos laborales y sus entrenamientos. Es uno de los deportistas con gran proyección en el #Running del #aethosTeam. El año pasado cerró su temporada con unos increíbles registros de 39’45’’ para los 10km y de 18’18’’ para los 5km, en tan solo 6 meses de entrenamiento con el #aethosTeam. Para él, la constancia y disciplina, que ha adquirido durante su proceso en entrenamiento, se han convertido en una fuente de energía física dándole herramientas que antes no tenía para afrontar su vida cotidiana. Sus compañeros de entrenamiento del #aethosTeam son el eje principal de de su motivación, ya que con su ánimo, energía, consejos y solidaridad hacen que cada día de entrenamiento sea un impulso para seguir alcanzando metas imposibles para él, como él lo dice “son personas…que sin darte cuenta exactamente cómo ni cuándo, se convierten en seres muy queridos para ti”.¡Haz parte del #aethosTeam!
Los días martes y miércoles son nuestras clases de #Velocidad para el #Running.Las repeticiones de #Velocidad, o series cortas, permiten desarrollar la técnica del corredor. Este tipo de entrenamientos ayudan a mejorar la zancada, a aumentar la fase de vuelo y a disminuir el tiempo de contacto con el suelo. No es suficiente con hacer entrenamientos de #fondo y #tempo durante tus semanas de entrenamiento, es necesario que realices entrenamientos guiados de series cortas para lograr ser más eficiente durante tus corridas largas.Asiste a nuestras clases de #velocidad y conocerás el deporte hecho ingeniería¡Te esperamos!Recuerda que ahora la clase de #velocidad matutina es en el parque el Country.www.aethosport.com
Este fin de semana, el #aethosTeam estuvo en la #EnergizerNightRace. Los resultados fueron excelentes, muchos lograron mejorar su mejor marca personal en 10km, y los resultados como equipo fueron increíbles (promedio tiempo #aethosTeam: 49'52''). Todos los integrantes del equipo lograron terminar la carrera por debajo de 1h 0' 0'', ocupando puestos excelentes en la carrera de más de 3.000 personas.Sobre los resultados individuales, las mujeres como, siempre, dejaron muy en alto el nombre del #aethosTeam
Si tus zapatos se parecen a estos......es porque eres un verdadero Runner#Running #Runners #LongDistanceRunners #salyentrena
¿Tus #coaches te inspiran?Cuéntanos por quéhttp://www.youtube.com/watch?v=IUzCn4YR5Wk
#aethosNewsEl #aethosTeam comienza su entrenamiento para el Cannondale Gran Fondo Bogotá del 1 de junio. Los #aethosTriathletes van a estar realizando un Ciclo de #Fondo específico de 5 semanas para dicha preparación, donde se van a realizar trabajos de montaña y ritmo de competencia en los mejores puertos de montaña que ofrece la sabana bogotana.¡Suerte al AethosTeam!
Los días jueves y viernes son nuestras clases de #TempoRunning.Las carreras de #Tempo permiten desarrollar tanto la #velocidad como la #fuerza, ayudando a mantener el ritmo de carrera durante mayor tiempo. Estos entrenamientos son, principalmente, para mejorar el umbral de lactato, es decir, mejorar la velocidad en la cual podemos correr antes de que se acumule el ácido láctico en nuestra sangre.¡Te esperamos!Recuerda que ahora la clase de #tempo matutina es en el parque el Country.www.aethosport.com
Entrenamientos matutinos de #RunningMiércoles y viernes de 6:00 am a 7:30 am en el parque el Country¡Haz parte del deporte hecho ingeniería. Te esperamos!
Resultados oficiales #RunTour #Avianca 2014 del #aethosTeam¡Felicitaciones a todos!
De #Brunch después del #RunTour #avianca #10km.¡Felicitaciones #aethosTeam!
De #Brunch después del #RunTour #avianca #10km.¡Felicitaciones #aethosTeam!
Carrera de calle de 10km - 16 de marzo 2014
Hoy el #aethosTeam estuvo en la #RunTour #avianca. Los resultados fueron excelentes, muchos lograron obtener su mejor marca en recorridos de 10km a pesar de que la carrera fue una carrera de adaptación para el #aethosTeam.El recorrido fue muy exigente por las curvas y la cantidad de deportistas. Ahora, el #aethosTeam, espera continuar sus ciclos de entrenamiento con el fin de buscar las mejores marcas en las múltiples carreras que les esperan en el segundo semestre del 2014 tanto en #Triathlon como en #Running.¡Felicitaciones a todos los #aethosRunners!
Carrera de calle de 10km - 16 de marzo 2014
Parte del #aethosTeam previo a la competencia
El #aethosTeam está lleno de personas como tú. Diego Restrepo.Conoce su perfil deportivo aquí: http://www.aethosport.com/#!diego-restrepo/cpogIngeniero industrial de la Universidad Javeriana de Colombia  con énfasis en logística y producción. Actualmente trabaja para Diageo, importante multinacional de licores, donde su trabajo es la planeación de compra de importaciones para Colombia. Sus días transcurren entre el trabajo y el deporte. Comenzó a hacer ejercicio cuando era estudiante universitario, en principio como #Swimmer para luego convertirse en #Runner en su vida laboral. Conoció el #aethosTeam para complementar su vida deportiva, donde aprendió que ninguna meta es imposible, llenando su vida de planeación, disciplina y esfuerzo. Actualmente, se encuentra entrenando fuertemente con el objetivo de terminar su primera #TriathlonOlímpica en el mes de abril del presente año. Únete al #aethosTeam. Tú también puedes hacer parte del deporte hecho ingeniería.
#aethosTeam. Mañana clase de puesta a punto para el #RunTour @Avianca . No se la pierdan.
¿Sabes cuál es tu tipo de pisada?Conocerla te ayudará a seleccionar mejor tus zapatos para el Running.Conoce todos nuestros estudios de Running http://www.aethosport.com/#!running-engineering/citj
Propaganda Asics: We are Marathoners
El día de ayer, el #aethosTeam realizó su entrenamiento de #fondo de #running en el parque el Country.¿les gustó el sitio #aethosRunners?
El #AethosTeam está lleno de personas como tú. Acá te presentamos uno de nuestros deportistas.Camila Mora#aethosTriathlete economista y financiera de la Universidad del Rosario. Actualmente trabaja en el Banco GNB Colombia en el área de tesorería. Es una persona muy activa en su vida cotidiana, le gusta estar buscando nuevos retos y aprender nuevas cosas. Reparte su tiempo entre el deporte, su novio, su familia y seguir estudiando. Actualmente se encuentra estudiando para realizar una maestría en el exterior. Además de gustarle la buena comida y los buenos cocteles, le encanta el deporte y los nuevos retos.Es una #Triathlete novata con grandes expectativas para realizar su primera Triathlon Olímpica en San Andrés en el mes de abril. Comenzó en el #Triathlon hace unos pocos meses, y como #Runner ya lleva algo más de un año de experiencia. Comenzó en el deporte con el único objetivo de incorporar hábitos deportivos en su vida sedentaria para mejorar su salud. En este proceso, se dio cuenta que le encantaba el #Running y quiso volverlo parte de su vida, donde conoció el #aethosTeam.Sus experiencias en #aethosTeam han sido excelentes, ha convertido su vida en una vida llena de retos y de pasión, por lo cual decidió comenzar a entrenar #Triathlon con el #aethosTraining. Realizó su primera #triathlonSprint hace unos pocos meses, donde se dio cuenta que adoraba este deporte ya que llenaba su vida de persistencia, organización y cero conformismo. Por otro lado, valora a todos sus compañeros del #aethosTeam ya que no solo son compañeros del deporte, sino que son personas le ayudan a tener un poco más de oxigeno cuando las cosas se ponen duras. Conoce el perfil deportivo de Camila aquíhttp://www.aethosport.com/#!camila-mora/clsm
¡Ven y entrena con el #aethosTeam!Conoce nuestros horarios en www.aethosport.comhttp://www.youtube.com/watch?v=wbyrUfzV2u0
#aethosNewsEl pasado domingo, se llevó a cabo la válida internacional de #Triathlon de larga distancia en Santa Marta, donde equipo élite de Colombia logró grandes resultados.A continuación les compartimos algunas fotos con los resultados del evento.
#AethosEngineering¿Sabias que para mejorar tus tiempos del #Running debes conocer tus parámetros biomecánicos?#AethosSportsEngineering te presenta diferentes estudios donde no solo podrás conocer tu tipo de pisada, si no que también podrás conocer tu longitud de zancada, tu tiempo de vuelo, tu candencia media, tus ángulos posturales, y sobre todo aprenderás cómo mejorar tus parámetros según tus objetivos.¡Haz parte de la nueva era deportiva con el soporte de la ciencia y la tecnología!Conócenos en www.aethosport.com
#AethosNews febrero El #aethosTeam reemplazó su chequeo del mes por el chequeo de la Liga de Triathlon de Bogotá, donde varios #aethosTriathletes lograron los primeros puestos en sus respectivas categorías.Con miras a la Triathlon de San Andrés, los resultados fueron excelentes, todo el Team va logrando sus objetivos poco a poco con la ayuda del #aethosTraining los #AethosCoaches.#VamosAethos
Así ayer se coronó Campeón del mundo Edwin Ávila en la prueba por puntos.https://www.youtube.com/watch?v=cwFl5DnK1Hw
Esta mañana bajo la lluvia, Jorge Ballén voló en el #aethosTraining. ¡Felicitaciónes Jorge!
El pasado 23 de febrero, parte del Aethos Team hizo parte del entrenamiento del Ascenso a Guadalupe 2014 del club Olimpus.Este evento sirvió para realizar en primer entrenamiento largo del año con miras a las competencias planeadas por el Team para este año.
Hoy en la clase de #swimming haciendo #fondo http://t.co/J96tQIWjha
Recomendado para todosThe Amstrong Lie“This is not a story about doping. It’s a story about power”En este enlace la podrán encontrar con subtitulos en español:http://www.cuevana.tv/#!/peliculas/5325/the-armstrong-lie
Ayer, en la clase de #running del #aethosTeam, @carolinacastroe  hizo sudar la gota gorda a la #swimmingCoach. #JusticiaDivina
#aethosTeam entrena en memoria a los estudiantes caidos en #venezuela. #Parqueelvirrey reune 200 personas en protesta http://t.co/EALP7X6RX6
Hoy, día internacional del #gato
Hoy #Técnica en la #Swimming #aethosClass. Son 14 #aethosTriatheles en manos de la #SwimmingCoach
El Aethos Team es el primer equipo de Running y Triathlon en Colombia que utiliza herramientas biomecánicas en sus entrenamientos.Únete al Aethos Team y conoce los beneficios de tener la ciencia y la tecnología de tu lado.www.aethosport.com
Ya comenzamos nuestra clase funcional de la semana con 13 de nuestros #aethosTriathletes
#aethosNewsEl #aethosTeam se prepara para una gran temporada 2014Este fin de semana, un gran número de los #aethosTriathletes hicieron parte del chequeo de la Liga de Triathlon de Bogotá con el fin de planificar los objetivos de esta temporada 2014. Todos mostraron una gran asimilación del entrenamiento realizado durante este año, muchos realizaron marcas personales en las diferentes disciplinas y todos lograron ganar muy buenos puntos para la Copa Distrital de Triathlon del presente año.Por otro lado, dos de nuestros #aethosRunners hicieron parte del Trail Running de la Calera, donde María Paula Puentes logró el 2° lugar en la general de los 11km, y Camilo Aldana realizó una excelente carrera en un terreno que le encanta.#vamosAethos
Chequeo de la Liga de Triathlon de Bogotá. Febrero 15 y 16 de 201436km de Cycling + 10km Running + 1500m Swimming
Chequeo febrero 2014
Chequeo septiembre 2013
Chequeo octubre 2013
Las clases de #Swimming han tenido gran acogida. Estamos trabajando para tener más espacios y todos puedan asistir a las clases.Por ahora a los #aethosTriathletes les toca madrugar un poco más para hacer su reserva
No cabe una #bici más en la clase de #tempo del #aethosTeam.¡Esa es la actitud!
Sport Engineering Info Nairo Quintana continúa en adaptación a su nueva #Bici #Canyon.Acá les mostramos algunas características de su nueva posición aerodinámica para afrontar la temporada 2014.
Mañana, #DíaSinCarro en Bogotá.Cuéntanos cómo te vas a movilizar y mándanos tu foto#MejorEnBici #MejorCorriendo
Esta semana no hay clases de #swimming. Posiblemente retomemos el sábado nuestras amadas clases.¡Vamos a extrañar esto esta semana!
Clase de #cycling  y #running en honor a los nuevos #marathoners. ¡Felicitaciones kenianos!
Felicitaciones a los #aethosTriathletes que ocuparon #podium en el escalafón distrital de #triathlon#fuerzaAethos
#Cycling #VideoLa Carretera, por el Movistar Team. Vídeo imperdible.
El pasado 26 de enero, se llevó acabo el  I Chequeo del año del Aethos Team con miras a toda la temporada 2014. El chequeo fue de 40km de Cycling y 10km  de Running.Estas son algunas fotos del evento
Miami Marathon 2014Nuestros dos guerreros ya se alistan para viajar mañana a Miami. Mientras tanto Juan nos dejó un saludo antes de la #miamiMarathon, #INGMiamiVamos con todo, #fuerzaAethos
Feliz viaje Marion y los mejores deseos en tu nueva vida.El #aethosTeam siempre será tu equipo. Nos vas a hacer falta
Recomendado del mes
Este fin de semana dos de nuestros #aethosRunners se convertirán en #marathoners. Después de un ciclo de entrenamiento acelerado, con mucho sudor y lagrimas, estos dos guerreros van a enfrentarse a la mítica distancia de 42.192 km este domingo 2 de febrero. ¡Déjales un mensaje de apoyo con el hashtag #fuerzaAethos!#miamimarathon #INGMiami Miami Marathon"
Lance Armstrong podría volver a competir en triatlón si colabora con la UCI. ¿Qué te parece esta noticia?
Resultados del primer chequeo preparatorio para la Triathlon de San Andrés.Felicitaciones a todos por el esfuerzo de hoy. Todos dieron lo mejor de cada uno, y los resultados fueron coherentes con ello. Hasta hora comienza la temporada 2014, imaginen cómo estarán en unos meses.¡Felicitaciones a todos!
Una historia para no perderse
http://www.elcolombiano.com/BancoConocimiento/N/nairo_quintana_gano_la_cuarta_etapa_del_tour_de_san_luis/nairo_quintana_gano_la_cuarta_etapa_del_tour_de_san_luis.asp
Aethos Team entrenando Swimming el día de ayer¡Gran entrenamiento!
I Chequeo del año:40km Cycling + 10km Running¡Vamos con toda Aethos Team!
Hoy regresa nuestra #aethosSwimmingCoach. Esperamos darle una gran bienvenida con clase llena.
#RunningMomentsEn una prueba de 600m, una corredora cae al suelo desafortunadamente faltando 200m para terminar, se levanta rápidamente y va a la caza de sus rivales. Mira el vídeo y dale like si te parece increíble
#CyclingMomentsEl 15 de julio de 2002, Santiago Botero venció a Lance Armstrong en la contrareloj individual del Tour de Francia. Fue la primera vez que un colombiano se impusiera en dicha prueba
